"","Fstat.stat","Fstat.numerator","Fstat.denomenator","pvals","fdr","ebayes.pvals","ebayes.fdr","fitcomplete"
"AATEEECEECDAI_2",4.43555741024162,8.11437822727305,1.82939312397064,0.0468345766011072,0.162746008940888,0.0362236336024135,0.138322076265644,1
"AATEEECEECDAIE_2",3.56290691474981,6.96318768181883,1.95435576859795,0.072346763099568,0.171823562361474,0.0566513862418054,0.153768048370615,2
"EYCADAERIDI_2",2.93905019312464,2.97476408637326,1.01215150844724,0.0629336703524715,0.17081996238528,0.069400805868445,0.164826913937557,3
"YCADAERIDI_2",2.40602216866278,3.18517302821486,1.32383361620692,0.1009640439594,0.213146315025399,0.0897980263179277,0.189573611115625,4
"CADAER_1",2.17474706644329,2.00300177287497,0.921027462816994,0.124458440898214,0.236471037706607,0.14337453061128,0.272411608161432,5
"CADAERIDI_2",3.2819787916741,4.76384056114463,1.45151473045158,0.0463919343304651,0.162746008940888,0.0367776939691145,0.138322076265644,6
"IDIDADIEIEDDAY_3",3.37525395855853,4.45674204971381,1.32041680550081,0.0513934765076489,0.162746008940888,0.043680655662835,0.138322076265644,7
"DIDADIEI_2",0.0242439206165254,0.0218553537061018,0.901477696276756,0.99469431649201,0.99469431649201,0.995290822493177,0.995290822493177,8
"DIDADIEIEDDAY_3",0.794902675867936,0.952030804074578,1.19766964306049,0.514478256016713,0.610942929019847,0.505779475922835,0.63636531893447,9
"DADIEI_1",1.6314948868489,1.39691609722222,0.85621849537037,0.217286582895077,0.338543582620349,0.253598044371644,0.384900525929257,10
"DADIEIEDDAY_2",1.5686024255991,2.13778720833333,1.36286108796296,0.231635082845502,0.338543582620349,0.210604076304942,0.363770677253991,11
"DADIEIEDDAYT_2",4.77647670973781,3.29085949013871,0.688972162981477,0.0127817089144633,0.121426234687402,0.0248723512814033,0.138322076265644,12
"DADIEIEDDAYTI_2",6.26113346905047,6.65945271297464,1.06361775322202,0.00514113995177649,0.0976816590837533,0.0055932598849499,0.106271937814048,13
"DADIEIEDDAYTIRV_2",0.392148348040293,0.287222873015874,0.732434229166667,0.760310519028121,0.849758815384371,0.803850834191555,0.898421520567032,14
"DADIEIEDDAYTIRV_3",0.240658008477293,0.310536253968254,1.29036326666667,0.86661842798576,0.914763896207191,0.85839848880763,0.906087293741387,15
"DIEIEDDAY_2",3.69378318529033,37.2069003985256,10.0728436218709,0.0504829247494825,0.162746008940888,0.0114129970845457,0.108423472303184,16
"EDDAYT_1",0.52525074368368,0.273732545454527,0.521146421487745,0.476248494598036,0.603248093157512,0.53588658436587,0.63636531893447,17
"EDDAYTI_2",0.975357388897681,0.865166536404656,0.887025152270022,0.427410288086401,0.58005681954583,0.464394959597981,0.630250302311546,18
"EDDAYTIRV_2",1.62394236577035,1.38184951751415,0.850922758492503,0.223284344749455,0.338543582620349,0.263352991425281,0.384900525929257,19
