,dAb41_3,dAb18_3,dAb40_3,dAb14_3,dAb3_3,dAb25_1,dAb25_2,dAb30_3,dAb2_1,dAb2_2,apo2,apo,dAb6_2,dAb6_1,dAb13_1,dAb13_2,dAb27_2,dAb27_1
"(1, 7)",0.0,0.0,0.0,0.0,0.0,0.0,0.0,0.0,0.0,0.0,0.0,0.0,0.11849881796690308,0.11849881796690308,0.11849881796690308,0.11849881796690308,0.11849881796690308,0.11849881796690308
"(6, 18)",0.0,0.0,0.0,0.0,0.0,0.0,0.0,0.0,0.0,0.0,0.0,0.0,0.0,0.0,0.0,0.0,0.0,0.0
"(6, 21)",0.0,0.0,0.0,0.0,0.0,0.0,0.0,0.0,0.0,0.0,0.0,0.0,0.40851788661403277,0.35207580623578216,0.5238238120195667,0.5238238120195667,0.5238238120195667,0.5238238120195667
"(6, 25)",0.0,0.0,0.0,0.0,0.0,0.0,0.0,0.0,0.0,0.0,0.0,0.0,0.3194444444444444,0.3194444444444444,0.3194444444444444,0.3194444444444444,0.3194444444444444,0.3194444444444444
"(7, 18)",0.0005593469824702262,0.0005593469824702262,0.0005593469824702262,0.0005593469824702262,0.0005593469824702262,0.0005593469824702262,0.0005593469824702262,0.0005593469824702262,0.0004964539007092199,0.0004964539007092199,0.0,0.0,0.08509259259259261,0.08509259259259261,0.08509259259259261,0.08509259259259261,0.08509259259259261,0.08509259259259261
"(7, 21)",0.0,0.0,0.0,0.0,0.0,0.0,0.0,0.0,0.0,0.0,0.0,0.0,0.3194444444444444,0.3194444444444444,0.3194444444444444,0.3194444444444444,0.3194444444444444,0.3194444444444444
"(7, 25)",0.0007975192173305381,0.0007975192173305381,0.0007975192173305381,0.0007975192173305381,0.0007975192173305381,0.0011434311670160727,0.0011434311670160727,0.0007975192173305381,0.0,0.0,0.017708333333333333,0.0,0.09703703703703703,0.09703703703703703,0.09703703703703703,0.09703703703703703,0.09703703703703703,0.09703703703703703
"(8, 18)",0.0,0.0,0.0,0.0,0.0,0.0,0.0,0.0,0.0,0.0,0.0,0.0,0.11069444444444443,0.11761574074074073,0.11761574074074073,0.11761574074074073,0.11761574074074073,0.11761574074074073
"(8, 20)",3.546099290780142e-05,3.546099290780142e-05,3.546099290780142e-05,3.546099290780142e-05,3.546099290780142e-05,3.546099290780142e-05,3.546099290780142e-05,3.546099290780142e-05,0.0,0.0,0.0,0.0,0.6644668584682636,0.6739008207324144,0.7250931687408002,0.7250931687408002,0.7250931687408002,0.7250931687408002
"(8, 21)",3.546099290780142e-05,3.546099290780142e-05,3.546099290780142e-05,3.546099290780142e-05,3.546099290780142e-05,3.546099290780142e-05,3.546099290780142e-05,3.546099290780142e-05,0.0,0.0,0.0,0.0,0.6644668584682636,0.6739008207324144,0.7250931687408002,0.7250931687408002,0.7250931687408002,0.7250931687408002
"(8, 24)",0.0,0.0,0.0,0.0,0.0,0.0,0.0,0.0,0.0,0.0,0.0,0.0,0.6644668584682636,0.6739008207324144,0.7250931687408002,0.7250931687408002,0.7250931687408002,0.7250931687408002
"(8, 25)",0.0,0.0,0.0,0.0,0.0,0.0,0.0,0.0,0.0,0.0,0.0,0.0,0.6644668584682636,0.6739008207324144,0.7250931687408002,0.7250931687408002,0.7250931687408002,0.7250931687408002
"(11, 18)",0.0,0.0,0.0,0.0,0.0,0.0,0.0,0.0,0.001365740740740741,0.001365740740740741,0.001365740740740741,0.0,0.29280888048827636,0.29280888048827636,0.3394231362534755,0.3394231362534755,0.3394231362534755,0.3394231362534755
"(11, 20)",0.0,0.0,0.0,0.0,0.0,0.0,0.0,0.0,0.0,0.0,0.0,0.0,0.0,0.010638297872340425,0.8029472582779487,0.8029472582779487,0.8123812205420997,0.8123812205420997
"(11, 21)",0.0,0.0,0.0,0.0,0.0,0.0,0.0,0.0,0.0,0.0,0.0,0.0,0.0,0.010638297872340425,0.8029472582779487,0.8029472582779487,0.8123812205420997,0.8123812205420997
"(11, 23)",0.0,0.0,0.0,0.0,0.0,0.0,0.0,0.0,0.0,0.0,0.0,0.0,0.0,0.0,0.29164351851851855,0.29164351851851855,0.3010774807826695,0.3010774807826695
"(11, 25)",2.314814814814815e-05,2.314814814814815e-05,2.314814814814815e-05,2.314814814814815e-05,2.314814814814815e-05,2.314814814814815e-05,2.314814814814815e-05,2.314814814814815e-05,0.0,0.0,0.0,0.0,0.0,0.0,0.29164351851851855,0.29164351851851855,0.3010774807826695,0.3010774807826695
"(19, 25)",0.0,0.0,0.0,0.0,0.0,0.0,0.0,0.0,0.0,0.0,0.0,0.0,0.0,0.0,0.020810185185185185,0.020810185185185185,0.020810185185185185,0.020810185185185185
"(26, 32)",0.9113003572118886,0.9782502750643055,0.9782502750643055,2.314814814814815e-05,2.314814814814815e-05,0.0006206324248777079,0.0006206324248777079,0.0,0.0,0.0,0.0,0.0,0.0,0.0,0.0,0.0,0.0005974842767295597,0.0005974842767295597
"(26, 33)",0.9113003572118886,0.9782502750643055,0.9782502750643055,2.314814814814815e-05,2.314814814814815e-05,0.0006206324248777079,0.0006206324248777079,0.0,0.0,0.0,0.0,0.0,0.0,0.0,0.0,0.0,0.0005974842767295597,0.0005974842767295597
"(27, 33)",0.9113003572118886,0.9782502750643055,0.9782502750643055,2.314814814814815e-05,2.314814814814815e-05,0.0006206324248777079,0.0006206324248777079,0.0,0.0,0.0,0.0,0.0,0.0,0.0,0.0,0.0,0.0005974842767295597,0.0005974842767295597
"(33, 40)",1.0,1.0,1.0,0.0,0.014185493703257654,0.0,0.0,0.0,0.0,0.0,0.0,0.0,0.0,0.0,0.0,0.0,0.0,0.0
"(34, 40)",1.0,1.0,1.0,0.0,0.014185493703257654,0.0,0.0,0.0,0.0,0.0,0.0,0.0,0.0,0.0,0.0,0.0,0.0,0.0
"(34, 41)",1.0,1.0,1.0,0.0,0.014185493703257654,0.0,0.0,0.0,0.0,0.0,0.0,0.0,0.0,0.0,0.0,0.0,0.0,0.0
"(41, 48)",0.14730565219977104,0.14730565219977104,0.19593772767146916,0.0,0.0,0.0,0.0,0.0,0.0,0.0,0.0,0.0,0.0,0.0,0.0,0.0,0.0,0.0
"(41, 49)",0.14730565219977104,0.14730565219977104,0.19593772767146916,0.0,0.0,0.0,0.0,0.0,0.0,0.0,0.0,0.0,0.0,0.0,0.0,0.0,0.0,0.0
"(41, 51)",1.0,1.0,1.0,0.0,0.0,0.0,0.0,0.0,0.0,0.0,0.0,0.0,0.0,0.0,0.0,0.0,0.0,0.0
"(42, 49)",0.9238639937106919,0.9238639937106919,0.9437539308176102,0.0,0.0,0.0,0.0,0.0,0.0,0.0,0.0,0.0,0.0,0.0,0.0,0.0,0.0,0.0
"(42, 51)",0.999837962962963,0.999837962962963,0.999837962962963,6.201956673654787e-05,6.201956673654787e-05,6.201956673654787e-05,6.201956673654787e-05,6.201956673654787e-05,6.201956673654787e-05,6.201956673654787e-05,6.201956673654787e-05,0.0,0.0,0.0,0.0,0.0,0.0,0.0
"(42, 65)",0.21437326226266412,0.21437326226266412,0.23275376540731818,0.0,0.0,0.0,0.0,0.0,0.0,0.0,0.0,0.0,0.08333333333333333,0.08333333333333333,0.08333333333333333,0.08333333333333333,0.08333333333333333,0.08333333333333333
"(49, 61)",0.0030453893275049436,0.0030453893275049436,0.03258941448473764,0.0010691823899371068,0.0010691823899371068,0.0,0.0,0.0,0.0,0.0,0.0,0.0,0.04473108747044917,0.04473108747044917,0.04473108747044917,0.04473108747044917,0.04473108747044917,0.04473108747044917
"(49, 65)",0.09953506698187549,0.09953506698187549,0.18052563301961133,0.0,0.0,0.0,0.0,0.0,0.0,0.0,0.0,0.0,0.0,0.0,0.0,0.0,0.0,0.0
"(50, 65)",0.09953506698187549,0.09953506698187549,0.18052563301961133,0.0,0.0,0.0,0.0,0.0,0.0,0.0,0.0,0.0,0.0,0.0,0.0,0.0,0.0,0.0
"(52, 61)",0.0,0.0,0.0,0.0,0.0,0.0,0.0,0.0,0.0,0.0,0.0,0.0,0.0,0.0,0.0,0.0,0.0,0.0
"(52, 65)",0.14644602048857366,0.14644602048857366,0.21128878778417115,0.0,0.0,0.0,0.0,0.0,0.0,0.0,0.0,0.0,0.041666666666666664,0.041666666666666664,0.041666666666666664,0.041666666666666664,0.14838201785687735,0.14838201785687735
"(74, 84)",0.9915916094235545,1.0,1.0,0.0,0.0,0.0,0.0,0.0,0.01661512928022362,0.01661512928022362,0.01661512928022362,0.0,0.007484276729559748,0.007484276729559748,0.0,0.0,0.0,0.0
"(76, 84)",0.9753184612754062,0.9834077029156816,1.0,0.0,0.0,0.0,0.0,0.0,0.01661512928022362,0.01661512928022362,0.01661512928022362,0.0,0.007484276729559748,0.007484276729559748,0.0,0.0,0.0,0.0
"(77, 84)",0.9753184612754062,0.9834077029156816,1.0,0.0,0.0,0.0,0.0,0.0,0.01661512928022362,0.01661512928022362,0.01661512928022362,0.0,0.007484276729559748,0.007484276729559748,0.0,0.0,0.0,0.0
"(77, 85)",0.2827509775934103,0.9953833058269027,1.0,0.0,0.0,0.0,0.0,0.0,0.0,0.0,0.0,0.0,0.0,0.0,0.0,0.0,0.0,0.0
"(77, 87)",0.9996435222356037,1.0,1.0,0.0,0.0,0.0,0.0,0.0,0.0,0.0,0.0,0.0,0.0,0.0,0.0,0.0,0.0,0.0
"(77, 88)",0.9969502988536509,1.0,1.0,0.0,0.0,0.0,0.0,0.0,0.0,0.0,0.0,0.0,0.0,0.0,0.0,0.0,0.0,0.0
"(77, 97)",1.0,1.0,1.0,0.0,0.0,0.0,0.0,0.0,0.0,0.0,0.0,0.0,0.0,0.0,0.0,0.0,0.0,0.0
"(85, 97)",1.0,1.0,1.0,0.0,0.0,0.0,0.0,0.0,0.0,0.0,0.0,0.0,0.0,0.0,3.546099290780142e-05,3.546099290780142e-05,0.0,0.0
"(86, 97)",1.0,1.0,1.0,0.0,0.0,0.0,0.0,0.0,0.0,0.0,0.0,0.0,0.0,0.0,3.546099290780142e-05,3.546099290780142e-05,0.0,0.0
"(88, 97)",1.0,1.0,1.0,0.005208156771785836,0.013149151761154974,0.0,0.0,0.0,0.0,0.0,0.0,0.0,0.0,0.0,0.0,0.0,0.0,0.0
"(89, 97)",1.0,1.0,1.0,0.0,0.0,0.0,0.0,3.144654088050315e-05,0.0,0.0,0.0,0.0,0.0,0.0,0.0,0.0,6.28930817610063e-05,6.28930817610063e-05
"(98, 104)",0.9999537037037037,0.7829875886524823,0.0,0.9208426446317856,0.6744424279257177,0.4503677033617319,0.4503677033617319,0.35263888888888884,0.30573113207547165,0.324337002096436,0.0,0.0,0.0,0.0,0.9720649895178197,0.9720649895178197,0.9627568134171908,0.9627568134171908
"(98, 106)",0.9964509270410515,0.9049338916395319,0.0,0.9853736042345035,0.630092434616471,0.11022798742138366,0.11022798742138366,0.08241352201257861,0.09727201257861635,0.09727201257861635,0.0,0.0,0.0,0.0,0.9845191299790357,0.9845191299790357,0.9748204926624738,0.9748204926624738
"(98, 108)",0.9999468085106383,1.0,0.0,0.9996243885394829,0.9996243885394829,0.14746505939902166,0.14746505939902166,0.14746505939902166,0.11944619147449338,0.11944619147449338,0.0,0.0,0.0,0.0,1.0,1.0,0.9905259303864282,0.9905259303864282
"(113, 120)",0.0015084210565443003,0.0015084210565443003,0.0015084210565443003,0.0015084210565443003,0.0015084210565443003,1.0,1.0,0.0,0.0,0.0,0.0,0.0,0.0,0.0,0.0,0.0,1.0,1.0
"(114, 120)",0.0,0.0,0.0,0.0,0.0,1.0,1.0,0.006851851851851851,0.0,0.0,0.0,0.0,0.0,0.0,0.0,0.0,1.0,1.0
"(117, 131)",0.021758385744234797,0.021758385744234797,0.021758385744234797,0.02523060796645702,0.02523060796645702,0.2684748427672956,0.2684748427672956,0.012198200559049615,0.0,0.0,0.0,0.0,0.0,0.0,0.0,0.0,1.0,1.0
"(121, 131)",0.01741395877009085,0.01741395877009085,0.01741395877009085,0.017784329140461217,0.017784329140461217,0.7813715672718081,0.7813715672718081,0.0011325122292103423,0.0,0.0,0.0013425925925925925,0.0,0.0013425925925925925,0.0013425925925925925,0.5404244167893304,0.5404244167893304,0.9999645390070921,0.9999645390070921
"(121, 132)",0.01741395877009085,0.01741395877009085,0.01741395877009085,0.017784329140461217,0.017784329140461217,0.7813715672718081,0.7813715672718081,0.0011325122292103423,0.0,0.0,0.0013425925925925925,0.0,0.0013425925925925925,0.0013425925925925925,0.5404244167893304,0.5404244167893304,0.9999645390070921,0.9999645390070921
"(132, 149)",0.0,0.0,0.0,0.0,0.0,0.0,0.0,0.0,0.0,0.0,0.0,0.0,0.29759653270291564,0.23583530338849484,0.7347837678605945,0.7347837678605945,0.7347837678605945,0.7347837678605945
"(132, 150)",0.0,0.0,0.0,0.0,0.0,0.0,0.0,0.0,0.0,0.0,0.0,0.0,0.29759653270291564,0.23583530338849484,0.7347837678605945,0.7347837678605945,0.7347837678605945,0.7347837678605945
"(132, 153)",4.62962962962963e-05,9.346610761705102e-05,9.346610761705102e-05,0.0,0.0,4.62962962962963e-05,4.62962962962963e-05,0.0,0.0,0.0,0.0,0.0,0.0,0.0,0.0,0.0,0.0,0.0
"(150, 169)",1.0,0.0,0.0,0.0,0.0,0.0,0.0,0.0,0.0,0.0,0.0,0.0,0.0,0.0,0.0,0.0,0.0,0.0
"(151, 162)",1.0,0.0,0.0,0.0,0.0028144654088050314,0.0,0.0,0.0028144654088050314,0.0,0.0,0.0,0.0,0.0,0.0,0.0,0.0,0.0,0.0
"(151, 167)",1.0,0.0,0.0,0.0,0.0,0.0,0.0,0.0,0.0,0.0,0.0,0.0,0.0,0.0,0.0,0.0,0.0,0.0
"(151, 169)",1.0,0.0,0.0,0.0,0.0,0.0,0.0,0.0,0.0,0.0,0.0,0.0,0.0,0.0,0.0,0.0,0.0,0.0
"(151, 170)",1.0,0.0,0.0,0.0,0.0,0.0,0.0,0.0,0.0,0.0,0.0,0.0,0.0,0.0,0.0,0.0,0.0,0.0
"(154, 169)",1.0,0.0,0.0,0.0,0.0,0.0,0.0,0.0,0.0,0.0,0.0,0.0,0.0,0.0,0.0,0.0,0.0,0.0
"(155, 169)",1.0,0.0,0.0,0.0,0.0,0.0,0.0,0.0,0.0,0.0,0.0,0.0,0.0,0.0,0.0,0.0,0.0,0.0
"(169, 183)",1.0,0.0,0.0,0.0,0.0,0.0,0.0,0.0,0.0,0.0,0.0,0.0,0.08487421383647799,0.08487421383647799,0.0,0.0,0.0,0.0
"(170, 183)",1.0,0.0,0.0,0.0,0.0,0.0,0.0,0.0,0.0,0.0,0.0,0.0,0.08487421383647799,0.08487421383647799,0.0,0.0,0.0,0.0
"(170, 185)",1.0,0.0,0.0,0.0,0.0,0.0,0.0,0.0,0.0,0.0,0.0,0.0,0.08487421383647799,0.08487421383647799,0.0,0.0,0.0,0.0
"(170, 186)",1.0,0.0004099387424357316,0.0004099387424357316,0.0008010132774283717,0.0008010132774283717,0.0009267994409503843,0.0009267994409503843,0.0005974842767295596,0.0,0.0,0.0,0.0,0.08490566037735849,0.08490566037735849,0.0,0.0,0.0,0.0
"(171, 183)",0.9694509958071279,0.0,0.0,0.0,0.0,0.0,0.0,0.0,0.0,0.0,0.0,0.0,0.0,0.0,0.0,0.0,0.0,0.0
"(171, 186)",0.9999056603773585,0.0,0.0,0.0,0.0,0.0002515723270440252,0.0002515723270440252,0.0,0.0,0.0,0.0,0.0,0.0,0.0,0.0,0.0,0.0002314814814814815,0.0002314814814814815
"(184, 195)",0.9749017760233137,0.0,0.0,0.0,0.0,0.0,0.0,0.0,0.0,0.0,0.0,0.0,0.0,0.0,0.0,0.0,0.0,0.0
"(184, 208)",0.22310971348707198,0.0,0.0,0.0,0.0,0.0,0.0,0.0,0.0,0.0,0.0,0.0,0.0,0.0,0.0,0.0,0.0,0.0
"(187, 195)",0.031118991331757287,0.0,0.0,0.0,0.0,0.0,0.0,0.0,0.0,0.0,0.0,0.0,0.0,0.0,0.0,0.0,0.0,0.0
"(187, 208)",0.47955006542069967,0.0,0.0,0.0,0.0,0.0,0.0,0.00018867924528301886,0.0,0.0,0.0,0.0,0.0,0.0,0.0,0.0,0.0,0.0
"(187, 209)",0.47955006542069967,0.0,0.0,0.0,0.0,0.0,0.0,0.00018867924528301886,0.0,0.0,0.0,0.0,0.0,0.0,0.0,0.0,0.0,0.0
"(188, 208)",0.011087962962962963,0.0002314814814814815,0.0002314814814814815,0.0002314814814814815,0.0002314814814814815,0.0002314814814814815,0.0002314814814814815,0.0002314814814814815,0.0,0.0,0.0,0.0,0.0,0.0,0.013317610062893082,0.013317610062893082,0.013317610062893082,0.013317610062893082
"(194, 208)",0.0,0.0,0.0,0.0,0.0,0.0,0.0,0.0,0.0,0.0,0.0,0.0,0.0,0.0,0.0,0.0,0.0,0.0
"(196, 208)",0.0022536687631027254,5.45946890286513e-05,5.45946890286513e-05,5.45946890286513e-05,5.45946890286513e-05,5.45946890286513e-05,5.45946890286513e-05,3.144654088050315e-05,0.0,0.0,0.0,0.0,0.009680851063829788,0.009680851063829788,0.01946465609527633,0.015722517730496453,0.01946465609527633,0.01946465609527633
"(213, 223)",0.0,0.0,0.0,0.0,0.0,0.0,0.0,0.0,0.0,0.0,0.03894018466479326,0.0,0.03894018466479326,0.03894018466479326,0.03894018466479326,0.03894018466479326,0.03894018466479326,0.03894018466479326
"(224, 238)",0.0,0.0,0.0,0.0,0.0,0.0,0.0,0.0,0.0,0.0,0.0,0.0,0.0,0.0,0.0,0.0,0.0,0.0
"(224, 239)",4.62962962962963e-05,4.62962962962963e-05,4.62962962962963e-05,4.62962962962963e-05,4.62962962962963e-05,4.62962962962963e-05,4.62962962962963e-05,4.62962962962963e-05,4.62962962962963e-05,4.62962962962963e-05,0.0,0.0,0.0,0.0,0.0,0.0,0.0,0.0
"(247, 257)",0.0,0.0,0.0,0.0,0.0,0.0,0.0,0.0,0.0,0.0,0.0,0.0,0.0,0.0,0.0,0.0,0.0,0.0
"(247, 259)",0.001981132075471698,0.0,0.0,0.0,0.0,0.0,0.0,0.0,0.0,0.0,0.0,0.0,0.0,0.0,0.0,0.0,0.0,0.0
"(247, 260)",0.0015070921985815605,0.0015070921985815605,0.0015070921985815605,0.0015070921985815605,0.0015070921985815605,0.0015070921985815605,0.0015070921985815605,0.0015070921985815605,0.0,0.0,0.0,0.0,0.0,0.0,0.0,0.0,0.0,0.0
"(248, 257)",0.04835997554157932,0.04835997554157932,0.07210211390635919,0.0480472571628232,0.04835997554157932,0.04799266247379455,0.04799266247379455,0.04799266247379455,0.04475366876310273,0.04475366876310273,0.04805555555555556,0.0,0.00034722222222222224,0.00034722222222222224,0.0023912473794549267,0.0023912473794549267,0.0048126310272536684,0.0048126310272536684
"(248, 259)",3.546099290780142e-05,3.546099290780142e-05,3.546099290780142e-05,3.546099290780142e-05,3.546099290780142e-05,3.546099290780142e-05,3.546099290780142e-05,3.546099290780142e-05,0.0,0.0,0.0,0.0,0.0,0.0,0.0,0.0,0.0,0.0
"(248, 260)",3.546099290780142e-05,3.546099290780142e-05,3.546099290780142e-05,3.546099290780142e-05,3.546099290780142e-05,3.546099290780142e-05,3.546099290780142e-05,3.546099290780142e-05,0.0,0.0,0.0,0.0,0.0,0.0,0.0,0.0,0.0,0.0
"(250, 257)",0.0012234042553191488,0.0,0.0,0.0,0.0,0.0,0.0,0.0,0.0,0.0,0.0,0.0,0.0,0.0,0.0,0.0,0.0,0.0
"(250, 260)",0.0,0.0,0.0,0.0,0.0,0.0,0.0,0.0,0.0,0.0,0.0,0.0,0.0,0.0,0.0,0.0,0.0,0.0
"(253, 260)",0.0,0.0,0.0,0.0,0.0,0.0,0.0,0.0,0.0,0.0,0.0073404255319148935,0.0,0.02583099156965074,0.02583099156965074,0.0073404255319148935,0.0073404255319148935,0.0073404255319148935,0.0073404255319148935
"(261, 275)",0.0,0.0,0.0,0.0,0.0,0.0,0.0,0.0,0.0,0.0,0.0,0.0,0.0,0.0,0.0,0.0,0.0,0.0
"(261, 276)",0.0,0.0,0.0,0.0,0.0,0.0,0.0,0.0,0.0,0.0,0.0,0.0,0.0,0.0,0.0,0.0,0.0,0.0
"(261, 278)",0.0,0.0,0.0,0.0,0.0,0.0,0.0,0.0,0.0,0.0,0.0,0.0,0.0,0.0,0.0,0.0,0.0,0.0
"(261, 281)",0.0,0.0,0.0,0.0,0.0,0.0,0.0,0.0,0.0,0.0,0.0,0.0,0.0,0.0,0.0,0.0,0.0,0.0
"(305, 313)",8.604122990915446e-05,8.604122990915446e-05,8.604122990915446e-05,6.28930817610063e-05,6.28930817610063e-05,6.28930817610063e-05,6.28930817610063e-05,6.28930817610063e-05,0.0,0.0,0.0,0.0,0.10883429419986024,0.10883429419986024,0.044807389937106916,0.044807389937106916,0.044807389937106916,0.044807389937106916
"(305, 315)",8.604122990915446e-05,8.604122990915446e-05,8.604122990915446e-05,6.28930817610063e-05,6.28930817610063e-05,6.28930817610063e-05,6.28930817610063e-05,6.28930817610063e-05,0.0,0.0,0.0,0.0,0.10883429419986024,0.10883429419986024,0.044807389937106916,0.044807389937106916,0.044807389937106916,0.044807389937106916
"(308, 315)",0.0,0.0,0.0,0.0,0.0,0.0,0.0,0.0,0.0,0.0,0.0,0.0,0.0,0.0,0.0,0.0,0.003125,0.003125
"(314, 327)",0.00022012578616352203,6.28930817610063e-05,6.28930817610063e-05,0.0,0.0,0.0,0.0,0.0,0.0,0.0,0.0,0.0,0.009858156028368793,0.009858156028368793,0.009858156028368793,0.009858156028368793,0.009858156028368793,0.009858156028368793
"(316, 327)",0.00022012578616352203,6.28930817610063e-05,6.28930817610063e-05,0.0,0.0,0.0,0.0,0.0,0.0,0.0,0.0,0.0,0.009858156028368793,0.009858156028368793,0.009858156028368793,0.009858156028368793,0.009858156028368793,0.009858156028368793
"(317, 327)",0.0012849406009783366,6.28930817610063e-05,6.28930817610063e-05,0.0,0.0,0.0,0.0,0.0,0.0,0.0,0.0,0.0,0.009858156028368793,0.009858156028368793,0.009858156028368793,0.009858156028368793,0.009858156028368793,0.009858156028368793
"(333, 356)",0.0,0.0,0.0,0.0,0.0,0.0,0.0,0.0,0.0,0.0,0.0,0.0,0.0,0.0,0.0,0.0,0.0,0.0
"(334, 356)",3.144654088050315e-05,3.144654088050315e-05,3.144654088050315e-05,3.144654088050315e-05,3.144654088050315e-05,3.144654088050315e-05,3.144654088050315e-05,3.144654088050315e-05,0.0,0.0,0.0,0.0,0.0,0.0,0.0,0.0,0.0,0.0
"(334, 357)",3.144654088050315e-05,3.144654088050315e-05,3.144654088050315e-05,3.144654088050315e-05,3.144654088050315e-05,3.144654088050315e-05,3.144654088050315e-05,3.144654088050315e-05,0.0,0.0,0.0,0.0,0.0,0.0,0.0,0.0,0.0,0.0
"(336, 356)",3.144654088050315e-05,3.144654088050315e-05,3.144654088050315e-05,3.144654088050315e-05,3.144654088050315e-05,3.144654088050315e-05,3.144654088050315e-05,3.144654088050315e-05,0.0,0.0,0.0,0.0,0.0,0.0,0.0,0.0,0.0,0.0
"(336, 357)",0.0,0.0,0.0,0.0,0.0,0.0,0.0,0.0,0.0,0.0,0.0,0.0,0.0,0.0,0.0,0.0,0.0,0.0
"(336, 360)",0.0,0.0,0.0,0.0,0.0,0.0,0.0,0.0,0.0,0.0,0.0,0.0,0.0,0.0,0.0,0.0,0.0,0.0
"(338, 357)",0.0,0.0,0.0,0.0,0.0,0.0,0.0,0.0,0.0,0.0,0.0,0.0,0.0,0.0,0.0,0.0,0.0,0.0
"(338, 360)",0.0,0.0,0.0,0.0,0.0,0.0,0.0,0.0,0.0,0.0,0.0,0.0,0.0,0.0,0.0,0.0,0.0,0.0
"(339, 360)",0.0,0.0,0.0,0.0,0.0,0.0,0.0,0.0,0.0,0.0,0.0,0.0,0.18865395981087468,0.18865395981087468,0.18865395981087468,0.18865395981087468,0.18865395981087468,0.18865395981087468
"(342, 360)",0.0,0.0,0.0,0.0,0.0,0.0,0.0,0.0,0.0,0.0,0.0,0.0,0.1834057328605201,0.1834057328605201,0.1834057328605201,0.1834057328605201,0.1834057328605201,0.1834057328605201
"(361, 379)",0.0,0.0,0.0,0.0,0.0,0.0,0.0,0.0,0.0,0.0,0.0,0.0,0.0,0.0,0.0,0.0,0.0,0.0
