"","Fstat.Fstat","Fstat.numerator","Fstat.denomenator","pvals","fdr","ebayes.pvals","ebayes.fdr","fitcomplete"
"GPGQECA",0.5059433485747,0.0236132769138663,0.0466717805074177,0.5161813204263,0.652643048814862,0.479006645169915,0.612682918240589,1
"CAVCGWALPHNRM",0.819961711126315,0.0111598488727292,0.0136102073076068,0.416402610573693,0.558588867842759,0.406958718727045,0.545920232438719,2
"CAVCGWALPHNRMQAL",3.18841254171326,0.130743883316999,0.041005949389079,0.148708591330375,0.320744020516494,0.123016570820113,0.300707173115832,3
"CAVCGWALPHNRMQALTSCE",1.51203296520289,0.598316467857757,0.395703322366038,0.286210088324228,0.499731900248651,0.237829207685358,0.441044612335615,4
"AVCGWALPHNRM",0.138914067765241,0.00401255885767682,0.0288851872400561,0.728271585913038,0.801098744504341,0.708845448093807,0.779729992903187,5
"AVCGWALPHNRMQAL",1.98573854951898,0.262964308329268,0.132426450799863,0.231578503356321,0.447795951599484,0.189924035188893,0.3868822939033,6
"AVCGWALPHNRMQALTSCE",0.42193268117495,0.176123026147098,0.417419730694126,0.5513898025591,0.681493014398887,0.504397448329365,0.630496810411706,7
"VCGWALPHNRM",1.88848586357606,0.068180112338297,0.0361030567680238,0.241343705393049,0.457720820573023,0.209640299722926,0.41179344588432,8
"VCGWALPHNRMQA",0.943995432805137,0.161739881095933,0.171335448748214,0.386270100308977,0.557804024984329,0.336922123126405,0.502595537620899,9
"VCGWALPHNRMQAL",1.03609842787973,0.197240820606468,0.190368805992787,0.366289213820643,0.544483966490144,0.316767186354748,0.490766063366511,10
"VCGWALPHNRMQALTSC",1.16432752782428,0.428186497799298,0.36775433678823,0.341292895037893,0.536573284565031,0.290686249079969,0.484477081799949,11
"VCGWALPHNRMQALTSCE",0.767303467283602,0.433729342455968,0.565264410952619,0.430504843179097,0.570548587345791,0.378677987157431,0.520682232341467,12
"WALPHNRM",0.108820244637532,0.00811579274155749,0.0745798060700038,0.758043952123248,0.817498379740757,0.73292450723792,0.790408782315404,13
"WALPHNRMQA",0.0430656566542071,0.00819577412328476,0.190308815887615,0.845738816652218,0.886012093635656,0.82716368458699,0.866552431472085,14
"WALPHNRMQAL",0.269960073664649,0.0654713736313464,0.242522432086296,0.630785436665418,0.730383137191536,0.590270549117432,0.690742131945931,15
"WALPHNRMQALTS",1.06969401198112,0.552301209660363,0.516317006054353,0.359443005197493,0.541626446188003,0.3079088172813,0.490766063366511,16
"WALPHNRMQALTSCE",0.546813696150139,0.347349458447064,0.635224503139899,0.500668533512783,0.640389984725653,0.450642685696434,0.590127326507235,17
"QALTSCE",0.439160499326951,0.0578932850346865,0.131827168252638,0.543763933482838,0.679704916853547,0.49951353842656,0.630496810411706,18
"CTICPDC",0.299438006278037,0.00442618587289315,0.0147816435458875,0.613332446353054,0.717729458498255,0.603131518034982,0.698362810356295,19
"CTICPDCF",0.00809563862338514,0.000309748516792802,0.0382611590267949,0.932631747770084,0.949902706062122,0.92665195439199,0.943812175769619,20
"TICPDCF",0.0964978042819068,0.00160833311209638,0.0166670436085553,0.771587405007368,0.824025383988452,0.762803587924251,0.814644608462792,21
"FRQHFTIA",35.8462602295196,0.0565508306948871,0.00157759359924295,0.00391310189708114,0.0249553343539703,0.0168729461384114,0.0883820988202501,22
"RQHFTIA",257.272627996879,0.0626882652596984,0.00024366472930987,8.83472986722815e-05,0.00242955071348774,0.00793468447929581,0.0581876861815026,23
"RQHFTIAL",6.84228146329288,0.0173220193892008,0.00253161456191609,0.0590606397235559,0.18561915341689,0.11750943629607,0.293773590740176,24
"LKEKHITD",1.20871436676767,0.1452535754101,0.120171960724299,0.333310145652657,0.536573284565031,0.286443731023199,0.484477081799949,25
"LKEKHITDM",0.88755492807673,0.0986846550853742,0.111187096103693,0.399483121524362,0.557804024984329,0.352134637546891,0.502595537620899,26
"LKEKHITDMVC",4.18494670991461,0.186141271681651,0.0444787674931824,0.110225525286672,0.266284383346528,0.0886538604453633,0.246598685684393,27
"KEKHITDM",0.902671431978039,0.0507977883571667,0.0562749485112791,0.395866571084403,0.557804024984329,0.354072383999091,0.502595537620899,28
"KEKHITDMVC",7.3773174530087,0.164526860012881,0.0223017188918422,0.0531995510345147,0.177978648434955,0.0449054624971754,0.170331064644458,29
"KEKHITDMVCPACGRPDLTDDTQL",11.2124583218193,0.783283067690782,0.0698582813161075,0.0286086755383887,0.104898476974092,0.0206569668874722,0.0946777649009142,30
"MVCPACGRPDLTD",10.2932205045205,0.0549767740429056,0.00534106638624531,0.0326415430614336,0.11582483021799,0.0444249379271162,0.170331064644458,31
"MVCPACGRPDLTDDTQL",7.35819377008941,0.171977780079479,0.0233722820372791,0.0533935945304865,0.177978648434955,0.044712354426023,0.170331064644458,32
"VCPACGRPDLTDDTQL",4.14831981651356,0.139869186449742,0.0337170692319703,0.111355287581275,0.266284383346528,0.0919140555732738,0.246598685684393,33
"PACGRPDLTD",616.112287710566,0.0324268300111279,5.26313638892416e-05,1.56367598644473e-05,0.000573347861696402,0.0218819366405037,0.0962805212182161,34
"PACGRPDLTDDTQL",2.09071562055938,0.109275617059484,0.0522670878740778,0.221727052517184,0.443454105034369,0.186883562238437,0.3868822939033,35
"IQLRESLEPDA",71.7524935118939,0.588353959609368,0.00819977022139086,0.0010645503634565,0.0146375674975269,0.00121798158936178,0.0424840848049443,36
"LRESLEPDA",41.673065722323,0.162447370683338,0.00389813823071625,0.00296464013062342,0.0217406942912384,0.0054580520882119,0.0502527147780829,37
"RESLEPDA",38.6891166641489,0.100886880104193,0.00260762945248837,0.00340105074343656,0.0233822238611264,0.00884480043845366,0.0608080030143689,38
"RESLEPDAY",31.7747522174667,0.236483808181182,0.00744250676016873,0.00487472050773003,0.0282220660973844,0.00581674697950038,0.0502527147780829,39
"RESLEPDAYAL",28.2210890402505,0.852000439233605,0.0301902041419605,0.00603661096026065,0.0301830548013032,0.00459620084132778,0.0502527147780829,40
"RESLEPDAYALF",18.113062841409,0.84938670942803,0.0468935992142762,0.0130958510878151,0.0554055238330637,0.00953787750625588,0.0617156779816557,41
"RESLEPDAYALFHKKLTEGVL",41.8889023476628,2.40420005997952,0.0573946779513468,0.00293638422502654,0.0217406942912384,0.00203733935577904,0.0424840848049443,42
"YALFHKKLTEGVL",42.4739420335766,0.693514491056347,0.0163279991884932,0.00286179541526495,0.0217406942912384,0.00248702134763537,0.0424840848049443,43
"ALFHKKLTEGVL",22.4255134050685,0.473098784852044,0.0210964527904685,0.00906683438017551,0.0415563242424711,0.00744756285738691,0.0581876861815026,44
"FHKKLTEGVL",5.90084975861334,0.183201233121771,0.0310465849184444,0.072045791705334,0.208553607568072,0.0586127939928291,0.201989413808666,45
"HKKLTEGVL",12.7712128395283,0.279915251198409,0.0219176717760149,0.0232988487545666,0.0883749435518044,0.0192952436558158,0.0946777649009142,46
"MRDPKFL",7.00467486361001,0.0278718767200292,0.00397903932198572,0.057182433246614,0.185001989915516,0.0876444937242934,0.246598685684393,47
"MRDPKFLWC",1.71686223172186,0.03291588790293,0.0191721195182437,0.260272301706245,0.477165886461449,0.240569788546699,0.441044612335615,48
"MRDPKFLWCAQ",5.16335171039396,0.091876649724722,0.0177939940716748,0.0855100691137072,0.235152690062695,0.0763873280252736,0.246598685684393,49
"FIYEREQL",4.52492343328553,0.372815867432172,0.0823916410805369,0.100525549093127,0.266279974304494,0.077297161957599,0.246598685684393,50
"IYEREQL",3.95662798615244,0.374711278845664,0.0947047031353702,0.117567874554901,0.275158855341258,0.0910091959097467,0.246598685684393,51
"REQLEATCPQCHQTF",54.3496796777595,0.508925597084448,0.00936391162012139,0.0018041743730926,0.0198459181040186,0.00193086512004756,0.0424840848049443,52
"EATCPQCHQTF",72.5487164537193,0.178763593354221,0.0024640490155089,0.00104232050318313,0.0146375674975269,0.00300790314887113,0.0424840848049443,53
"EATCPQCHQTFC",49.4949286147869,0.124074759189038,0.00250681762074449,0.00215122222360328,0.0199460469055183,0.00593895720104617,0.0502527147780829,54
"CVRCKRQWEEQHRGRSCE",0.3797142713087,0.0310089771666772,0.0816639760728602,0.571095087221944,0.690334720817735,0.531092680598817,0.647595931232002,55
"CVRCKRQWEEQHRGRSCED",0.233913812532349,0.0202468227801904,0.0865567644808936,0.653920632997975,0.741559480719354,0.619096730765683,0.702068457569331,56
"CVRCKRQWEEQHRGRSCEDFQN",16.2422715408809,0.213748892953262,0.0131600369083394,0.0157313508151558,0.0640906885061904,0.0147632116256521,0.0811976639410864,57
"DFQNWKRMNDPEYQAQGLAM",3.62674986659033,0.490238595534771,0.135172982303206,0.129579251697475,0.295244293970334,0.100011748881861,0.261935532785827,58
"FQNWKRMNDPEY",0.323645565710592,0.0107794903668734,0.0333064670396644,0.599845944238739,0.709495202863025,0.571107991997652,0.675504076556363,59
"FQNWKRMNDPEYQAQGL",6.01828654790842,0.296897774347622,0.0493326085396857,0.0702015639775175,0.208553607568072,0.0544088317586715,0.199499049781796,60
"FQNWKRMNDPEYQAQGLAM",1.13719629382347,0.295978569839429,0.260270431276463,0.346333665491975,0.536573284565031,0.296305865667918,0.486472316768224,61
"FQNWKRMNDPEYQAQGLAMY",2.22270038820682,0.541730252317636,0.243726169839148,0.21025553229386,0.443454105034369,0.168812869800046,0.372225430655297,62
"WKRMNDPEYQAQGLAM",0.389736724805121,0.205461290850538,0.527179703050244,0.566278532286452,0.690334720817735,0.51988222561472,0.642551065366508,63
"KRMNDPEYQAQGLAM",0.047346626155057,0.0333318671834006,0.703996670728788,0.838395376820185,0.886012093635656,0.817943056367788,0.865132078850545,64
"MYLQENGIDCPKCKF",66.4928345620177,0.187509361405283,0.00281999350216291,0.00123102371629391,0.01504584542137,0.00308975162217777,0.0424840848049443,65
"YLQENGIDCPKCKF",640.601042198303,0.0418618334287965,6.53477448071929e-05,1.44700416124792e-05,0.000573347861696402,0.0144673914200132,0.0811976639410864,66
"YLQENGIDCPKCKFSY",4.29513818957874,0.151806591966603,0.0353438202139642,0.10693038626955,0.266284383346528,0.0876223154055946,0.246598685684393,67
"YLQENGIDCPKCKFSYA",1148.73329207726,0.259006956122709,0.000225471793939519,4.52060545992955e-06,0.000497266600592251,0.000556327024447935,0.0424840848049443,68
"LQENGIDCPKCKF",35.0205880488287,0.0798552516636139,0.00228023731504088,0.00408360016701332,0.0249553343539703,0.0119598799415091,0.0730881551981112,69
"LQENGIDCPKCKFSYA",144.822634097817,0.217869917722582,0.00150439134793963,0.000273367103061708,0.00601407626735757,0.00145250194102191,0.0424840848049443,70
"SYALARGGCMHF",1.25162734417482,0.0713050138414805,0.0569698434388959,0.325887860897281,0.536573284565031,0.284878096151723,0.484477081799949,71
"SYALARGGCMHFHCTQCRHQFCSGC",30.3533857267012,0.304845857354257,0.0100432241760131,0.00529542286676777,0.0288828554778226,0.00548162045482562,0.0502527147780829,72
"LARGGCMHF",0.0225151890399832,0.00255385439591821,0.113428068109177,0.887986810456027,0.921260141430158,0.875025859933917,0.908045703705008,73
"LARGGCMHFHCTQCRHQFCSGC",2.11224095224472,0.123874748568101,0.0586461257824097,0.219789354927746,0.443454105034369,0.184038101065731,0.3868822939033,74
"LARGGCMHFHCTQCRHQFCSGCY",3.47252172305452,0.136475091758282,0.0393014364322636,0.135853617631079,0.298877958788373,0.112019497694996,0.286561505731386,75
"ARGGCMHFHCTQCRHQFCSGC",1.57642709764814,0.0956644412956158,0.0606843421039496,0.277617276134449,0.492546780238538,0.237829506333227,0.441044612335615,76
"HFHCTQCRHQFCSGC",24.2372707746242,0.0283153625553581,0.00116825705413184,0.00791160657360324,0.0378381183954937,0.0430781401798602,0.170331064644458,77
"HCTQCRHQFCSGC",5.31037864858659,0.0166397987842886,0.00313344864564742,0.0825363360244556,0.232794793915131,0.137496456999319,0.324722478976496,78
"YAKNKCPEPNC",1.30849543430045,0.0105397601564784,0.008054869646613,0.316471049595707,0.535566391623504,0.332482254967966,0.502595537620899,79
"RVKKSLHGHHPRDCL",5.17273358288439e-05,3.77092775627474e-06,0.0729000961648602,0.994605929246443,1,0.994018604076188,1,80
"RVKKSLHGHHPRDCLF",0.720461832800124,0.0423263498834202,0.0587489134836136,0.443803985558621,0.581171885850575,0.401959600348024,0.54587106220102,81
"LRLQKLLQDNN",49.1942977043157,0.00411182581614268,8.35833827907652e-05,0.00217593238969291,0.0199460469055183,0.266158517314975,0.472216724268504,82
"LRLQKLLQDNNVM",0.690391067211975,0.00651455953863561,0.00943604262573028,0.452750334757451,0.585912197921407,0.459878299620696,0.595136623038548,83
"LRLQKLLQDNNVMF",1.18318920745306,0.0388434651840271,0.0328294620499807,0.337861543887632,0.536573284565031,0.304293675987878,0.490766063366511,84
"RLQKLLQDNN",0,0,0.0451079133728396,1,1,1,1,85
"RLQKLLQDNNVM",1.80259794960127,0.0173225191647482,0.00960975195194241,0.250528806057769,0.467087604514485,0.25644950414735,0.462449925511615,86
"RLQKLLQDNNVMF",0.326765754935175,0.0115865868635072,0.035458387816085,0.598158350641775,0.709495202863025,0.568387359299123,0.675504076556363,87
"QKLLQDNN",13.2838456099232,0.0019009789380027,0.000143104564282398,0.0218735836676676,0.0859319358372655,0.433455009710462,0.574458446604227,88
"QKLLQDNNVMF",0.0193332493610793,0.000648640879696211,0.0335505360522593,0.896134864845699,0.921260141430158,0.887544766235659,0.912429198933855,89
"LQDNNVMF",1.38056752170114,0.0459650140515947,0.0332942890000458,0.305173369558531,0.524516728928725,0.272092708570659,0.475082507028135,90
"NTEPPAGARAVPGGG",0.195115498916758,0.174461184754102,0.89414313943626,0.681522021007053,0.761224451401452,0.643854586640308,0.719727568352139,91
"NTEPPAGARAVPGGGC",0.114398449279661,0.110661492728936,0.967333853087556,0.7521982987081,0.817498379740757,0.72169583472753,0.786005364554735,92
"NTEPPAGARAVPGGGCRV",0.190400882236907,0.176529399921489,0.927145913650979,0.685102006261307,0.761224451401452,0.647754811516925,0.719727568352139,93
"NTEPPAGARAVPGGGCRVIEQ",0.861891469982435,0.629604870896288,0.730492054770097,0.405759501942519,0.557919315170964,0.353473818325483,0.502595537620899,94
"CQAHYKEYL",4.26734808332856,0.0216622185304421,0.00507627175178675,0.107747064554655,0.266284383346528,0.138745059199048,0.324722478976496,95
"CQAHYKEYLVS",3.577888678325,0.0258202496499083,0.00721661627046375,0.131517912768604,0.295244293970334,0.147440870528767,0.337885328295092,96
"HYKEYLVS",1.15823662990759,0.00158938073237719,0.00137224181254222,0.34241362398875,0.536573284565031,0.53573845220102,0.647595931232002,97
"VSLINAHSLDPATL",111.644220346586,0.0365797301418936,0.000327645533538022,0.000453921304531203,0.00832189058307205,0.0206368174900658,0.0946777649009142,98
"LINAHSLDPATL",29.6800276605652,0.0154899774505157,0.000521899023399385,0.00551399968212977,0.0288828554778226,0.0786212368689919,0.246598685684393,99
"INAHSLDPATL",19.0700616862556,0.00761129093984287,0.000399122512819586,0.0119968758931532,0.0527862539298741,0.16919337757059,0.372225430655297,100
"LETATERYLHVRPQPLAGEDPPAY",6.15953027718672,0.126856820385452,0.0205952101340091,0.0680767384167464,0.208012256273392,0.0587605567443391,0.201989413808666,101
"ETATERYLHVRPQPLAGEDPPAY",1.9809984234377,0.123486571679507,0.0623355224408593,0.232039720374278,0.447795951599484,0.194827475119234,0.389654950238468,102
"ETATERYLHVRPQPLAGEDPPAYQ",0.923948493875123,0.0543152461225747,0.0587860107815877,0.39087355117894,0.557804024984329,0.348607854362997,0.502595537620899,103
"ATERYLHVRPQPLAGEDPPAY",0.233925465588813,0.0229798011802783,0.098235568848547,0.653912794529294,0.741559480719354,0.61839507481771,0.702068457569331,104
"ATERYLHVRPQPLAGEDPPAYQ",1.07562050714646,0.0732137796950812,0.0680665524770553,0.358258162174225,0.541626446188003,0.31480993097131,0.490766063366511,105
"ATERYLHVRPQPLAGEDPPAYQARL",0.882916249071284,0.0634907197490318,0.0719102404285978,0.400604708852382,0.557804024984329,0.356385926676637,0.502595537620899,106
"ERYLHVRPQPLAGEDPPAYQ",0.841276655144476,0.067149116312766,0.0798181144123561,0.410930251290307,0.558053427678194,0.36587481074162,0.50944593900732,107
"ERYLHVRPQPLAGEDPPAYQARL",2.11026038196605,0.172771154667366,0.0818719605143712,0.21996651930493,0.443454105034369,0.181733400279594,0.3868822939033,108
"RYLHVRPQPLAGEDPPAYQARL",1.65968783671246,0.120275287196602,0.0724686200236579,0.267115462131567,0.481683620237251,0.2263724695747,0.436859151810825,109
"LQKLTEEVPLGQSIPRRRK",4.48222672892991,0.196503532265518,0.0438406051610939,0.101670535643534,0.266279974304494,0.0814248990563185,0.246598685684393,110
